{"cameraMode":{"drawMode":0,"name":"Shaded","section":"Shading Mode"},"sceneLighting":true,"audioPlay":false,"sceneViewState":{"showFog":true,"showMaterialUpdate":true,"showSkybox":true,"showFlares":true,"showImageEffects":true,"showParticleSystems":true},"in2DMode":false,"pivot":{"x":827.1141357421875,"y":19.732868194580079,"z":-21.564573287963868},"rotation":{"x":0.03687099367380142,"y":0.7720346450805664,"z":0.044975850731134418,"w":-0.6329143047332764},"size":66.36164855957031,"orthographic":false}