{"cameraMode":{"drawMode":0,"name":"Shaded","section":"Shading Mode"},"sceneLighting":true,"audioPlay":false,"sceneViewState":{"showFog":true,"showMaterialUpdate":true,"showSkybox":true,"showFlares":true,"showImageEffects":true,"showParticleSystems":true},"in2DMode":false,"pivot":{"x":897.115478515625,"y":-3.3580024242401125,"z":1.1725728511810303},"rotation":{"x":0.0020788416732102634,"y":0.9977008104324341,"z":-0.057240597903728488,"w":0.036233432590961459},"size":1.2247450351715088,"orthographic":false}