{"cameraMode":{"drawMode":0,"name":"Shaded","section":"Shading Mode"},"sceneLighting":true,"audioPlay":false,"sceneViewState":{"showFog":true,"showMaterialUpdate":true,"showSkybox":true,"showFlares":true,"showImageEffects":true,"showParticleSystems":true},"in2DMode":false,"pivot":{"x":383.5845947265625,"y":237.62258911132813,"z":460.5459289550781},"rotation":{"x":-0.08791445940732956,"y":0.13168874382972718,"z":-0.011725936084985733,"w":-0.987315833568573},"size":444.4423828125,"orthographic":false}