{"cameraMode":{"drawMode":0,"name":"Shaded","section":"Shading Mode"},"sceneLighting":true,"audioPlay":false,"sceneViewState":{"showFog":true,"showMaterialUpdate":true,"showSkybox":true,"showFlares":true,"showImageEffects":true,"showParticleSystems":true},"in2DMode":false,"pivot":{"x":881.3285522460938,"y":203.71641540527345,"z":57.474639892578128},"rotation":{"x":-0.18323034048080445,"y":-0.07453779131174088,"z":0.013934439979493618,"w":-0.9801411032676697},"size":90.30904388427735,"orthographic":false}